,precision,Recall,F1-Score,Support
entailment,0.747072599531616,0.09471496437054631,0.1681159420289855,3368
contradiction,0.5064745872450631,0.9666357738646896,0.6646840148698885,3237
